Columns,Importances,Absolute_Importances
Seconds_left_Month,-1.3863219817972572,1.3863219817972572
Seconds_left_Qtr,-1.2286703979595788,1.2286703979595788
Seconds_left_Day,-0.8803491178788043,0.8803491178788043
