Columns,Importances
AmountinUSD,0.7401776294561521
IsSignature,0.1245752286082773
IsMagnumCase,0.07633759038339318
IsGovernment,0.03472641380394087
IsSOXCase,0.024183137748236893
