Columns,Importances
AmountinUSD,0.8222198384691382
IsSignature,0.10470594374483239
IsMagnumCase,0.03832416430404623
IsGovernment,0.026711978819699826
IsSOXCase,0.008038074662283276
