Columns,importances
Concurrent_open_cases,0.6431282914016342
Days_left_QTR,0.2789937718271719
Days_left_Month,0.07787793677119366
