Columns,Importances
Concurrent_open_cases,0.3835231558876351
Seconds_left_Qtr,0.3408926035082975
Seconds_left_Month,0.25891762332588003
Seconds_left_Day,0.016666617278187527
