Columns,Importances,Absolute_Importances
Queue_Broken,28082533.357388176,28082533.357388176
Queue_LOC,-593922.3790345982,593922.3790345982
CountryProcessed_southamerica,270337.07576940674,270337.07576940674
Queue_NAOC,-191404.05550407484,191404.05550407484
CountrySource_australia,127165.73532481941,127165.73532481941
CountrySource_southamerica,96224.204874806,96224.204874806
SalesLocation_southamerica,88285.40252245423,88285.40252245423
CountrySource_northamerica,81164.26232302122,81164.26232302122
Created_on_Weekend,-76348.93670492634,76348.93670492634
CountryProcessed_europe,-40267.176624919055,40267.176624919055
Queue_EOC,-17384.80563295647,17384.80563295647
CountrySource_europe,15277.084888831854,15277.084888831854
ROCName_APOC,-1413.03195181717,1413.03195181717
Concurrent_open_cases,-5.167099198069275,5.167099198069275
Cases_resolved_within_past_8_hours,2.152835340800889,2.152835340800889
Cases_created_within_past_8_hours,2.0140766603075733,2.0140766603075733
Rolling_Std,-1.8367812164005866,1.8367812164005866
Rolling_Mean,-1.6410281386563979,1.6410281386563979
Seconds_left_Month,-1.3880990454804334,1.3880990454804334
Seconds_left_Qtr,-1.2326499587827486,1.2326499587827486
Rolling_Median,-1.1019367507876627,1.1019367507876627
CountryProcessed_northamerica,-0.9421981273170316,0.9421981273170316
SalesLocation_northamerica,-0.8904584680649995,0.8904584680649995
Seconds_left_Day,-0.8821306954742998,0.8821306954742998
Seconds_left_Year,-0.8275649375697273,0.8275649375697273
ROCName_EOC,-0.7010471128332798,0.7010471128332798
SalesLocation_europe,-0.5992998681476432,0.5992998681476432
CountryProcessed_asia,-0.5222954920179153,0.5222954920179153
SalesLocation_asia,-0.46794949786212175,0.46794949786212175
CountrySource_asia,-0.46591160929677644,0.46591160929677644
Queue_APOC,-0.46346276128473907,0.46346276128473907
SalesLocation_australia,-0.20824073999244558,0.20824073999244558
CountryProcessed_australia,-0.051222326390511136,0.051222326390511136
CountrySource_other,-0.029547393791475567,0.029547393791475567
CountryProcessed_other,-0.021494471855073388,0.021494471855073388
Queue_E&E,-0.020264662275467374,0.020264662275467374
SalesLocation_other,-0.010130771157564162,0.010130771157564162
