Columns,Importances
AmountinUSD,0.7401776294562546
IsSignature,0.1245752286081607
IsMagnumCase,0.07633759038327124
IsGovernment,0.03693349517038209
IsSOXCase,0.02197605638193151
