Columns,importances
Concurrent_open_cases,0.6376797956928175
Days_left_QTR,0.26325370732356196
Seconds_left_month,0.09906649698362037
