Columns,importances
Concurrent_open_cases,0.7965262617148505
Seconds_left_Year,0.12388091173898942
Seconds_left_Qtr,0.05180507468426171
Seconds_left_Month,0.027787751861898666
