Columns,importances
Concurrent_open_cases,0.6215418977281846
rolling_std,0.17473239455764028
Seconds_left_EndYear,0.16415049529103787
rolling_median,0.03957521242313718
