Columns,importances
Concurrent_open_cases,0.7966578112071078
Seconds_left_Year,0.12581224598361046
Seconds_left_Qtr,0.048351405544569105
Rolling_Mean,0.029178537264712694
