Columns,Importances
Rolling_Mean,0.5235120244575296
Rolling_Std,0.26591360216487603
Rolling_Median,0.2105743733775946
