Columns,Importances
Seconds_left_Year,0.35742481505933443
Seconds_left_Month,0.2508370851841224
Seconds_left_Qtr,0.22041517308797073
Seconds_left_Day,0.17132292666857235
