Columns,importances
Rolling_Mean,0.38593294720042026
Rolling_Std,0.24303576757977263
Seconds_left_Day,0.1951612817656722
Rolling_Median,0.17587000345413475
