Columns,Importances,Absolute_Importances
Rolling_Std,-1.8348406307222564,1.8348406307222564
Rolling_Mean,-1.6442327589023178,1.6442327589023178
Rolling_Median,-1.1042965248057741,1.1042965248057741
