Columns,importances
Concurrent_open_cases,0.7948038914902436
Seconds_left_Year,0.12470045168715053
Seconds_left_Qtr,0.05234219578297076
Seconds_left_Month,0.028153461039635213
