Columns,Importances
Seconds_left_Qtr,0.3917714147298412
Seconds_left_Month,0.3816789415850348
Seconds_left_Day,0.22654964368512392
