Columns,Importances,Absolute_Importances
Created_on_Weekend,-77943.34219686495,77943.34219686495
Concurrent_open_cases,-5.215718079797247,5.215718079797247
Cases_resolved_within_past_8_hours,3.149773283594108,3.149773283594108
Rolling_Std,-1.8348399215137194,1.8348399215137194
Rolling_Mean,-1.6442347045626644,1.6442347045626644
Seconds_left_Month,-1.3863220355145787,1.3863220355145787
Seconds_left_Qtr,-1.228670399717958,1.228670399717958
Rolling_Median,-1.1042968502080168,1.1042968502080168
Seconds_left_Day,-0.8803518359221039,0.8803518359221039
Seconds_left_Year,-0.8255602551968826,0.8255602551968826
Cases_created_within_past_8_hours,0.42017954223175585,0.42017954223175585
