Columns,importances
Concurrent_open_cases,0.6355896214842133
Days_left_QTR,0.20753529826672298
Seconds_left_QTR,0.08621915435955184
Seconds_left_month,0.07065592588951186
