Columns,Importances
Rolling_Std,0.4309325668942977
Rolling_Mean,0.4254767198970656
Rolling_Median,0.14359071320863673
