Columns,importances
Concurrent_open_cases,0.641475200170228
Days_left_QTR,0.1836232237128329
Seconds_left_QTR,0.10083923972900648
Seconds_left_month,0.07406233638793278
