Columns,importances
Concurrent_open_cases,0.6406478225156819
Days_left_QTR,0.13847169473396992
Seconds_left_month,0.12246251507310564
Seconds_left_QTR,0.09841796767724262
