Columns,Importances
Concurrent_open_cases,0.838889743404663
Seconds_left_Qtr,0.08592263683222055
Seconds_left_Month,0.06501267649295495
Seconds_left_Day,0.010174943270161411
