Columns,importances
Concurrent_open_cases,0.6434271391929068
Days_left_QTR,0.13270364138211288
Seconds_left_month,0.12190945186810226
Seconds_left_QTR,0.10195976755687802
