Columns,Importances,Absolute_Importances
Rolling_Std,-1.8348406307220806,1.8348406307220806
Rolling_Mean,-1.6442327589026018,1.6442327589026018
Rolling_Median,-1.1042965248055765,1.1042965248055765
