Columns,importances
Concurrent_open_cases,0.6425411588221337
Days_left_QTR,0.25721949778643827
Seconds_left_month,0.10023934339142818
