Columns,Importances
AmountinUSD,0.8046030424317665
IsSignature,0.1196431343451753
IsMagnumCase,0.04623750711440148
IsGovernment,0.02107330899341244
IsSOXCase,0.008443007115244129
