Columns,Importances
AmountinUSD,0.791347687618995
IsSignature,0.12730423099544735
IsMagnumCase,0.04635145894912203
IsGovernment,0.020690987070012542
IsSOXCase,0.014305635366423413
