Columns,importances
Concurrent_open_cases,0.66398288239048
Seconds_left_EndYear,0.24002514267025718
Seconds_left_month,0.06114495596214164
Seconds_left_Qtr,0.03484701897712095
