Columns,Importances
Seconds_left_Day,0.35410932162795744
Seconds_left_Month,0.3237267520763659
Seconds_left_Qtr,0.32216392629567636
