Columns,importances
Concurrent_open_cases,0.6423677965360639
Days_left_QTR,0.12899498607181137
Seconds_left_month,0.12661590379138857
Seconds_left_QTR,0.1020213136007363
