Columns,importances
Concurrent_open_cases,0.6393203195007235
Days_left_QTR,0.19472146704462442
Seconds_left_QTR,0.09316564483097195
Seconds_left_month,0.0727925686236802
