Columns,Importances,Absolute_Importances
Seconds_left_Month,-1.3863219817972567,1.3863219817972567
Seconds_left_Qtr,-1.2286703979595788,1.2286703979595788
Seconds_left_Day,-0.8803491178784856,0.8803491178784856
