Columns,importances
Concurrent_open_cases,0.6629762384337087
Seconds_left_EndYear,0.20539657222151925
Seconds_left_month,0.05103289041694528
Next_Qtr_minus_days_into_current_Qtr,0.05071567215997575
Seconds_left_Qtr,0.026364438493233416
Seconds_End_of_day,0.0035141882746175983
