Columns,Importances,Absolute_Importances
Seconds_left_Month,-1.3863219808456355,1.3863219808456355
Seconds_left_Qtr,-1.2286703967112529,1.2286703967112529
Seconds_left_Day,-0.8803490499469673,0.8803490499469673
Seconds_left_Year,-0.8255602544042484,0.8255602544042484
