Columns,Importances
Seconds_left_Day,0.3024015940991086
Seconds_left_Year,0.25274609356921574
Seconds_left_Month,0.23107634583484013
Seconds_left_Qtr,0.2137759664968356
