Columns,importances
Concurrent_open_cases,0.7962105068784504
Seconds_left_Year,0.12167027522099377
Seconds_left_Qtr,0.048556892197367564
Rolling_Mean,0.03356232570318787
