Columns,importances
Rolling_Mean,0.20031150104074943
Seconds_left_Qtr,0.13241671453005777
Queue_AOC,0.12360623848738687
Rolling_Std,0.11117901712402135
Rolling_Median,0.09710485461475962
Seconds_left_Year,0.08369083379305552
Seconds_left_Day,0.0789491156824315
Seconds_left_Month,0.053494263954719685
Concurrent_open_cases,0.0209298061718681
Cases_created_within_past_4_hours,0.017387384147316377
Cases_resolved_within_past_4_hours,0.014729404715815308
Queue_NAOC,0.011003415112234748
CountryProcessed_northamerica,0.007550461617368016
CountryProcessed_asia,0.005721826930907465
ROCName_AOC,0.0032303595541636272
SalesLocation_northamerica,0.003073697055131902
SalesLocation_australia,0.0030235144295386795
CountrySource_australia,0.002570797315521604
CountrySource_asia,0.0025022401173229246
SalesLocation_europe,0.0020977137209372697
Queue_EOC,0.002025814787794779
ROCName_EOC,0.002025505165287963
CountryProcessed_europe,0.001972859178831206
SalesLocation_asia,0.0019323506962124163
CountrySource_northamerica,0.0018875793929777561
Queue_APOC,0.0018351833355356995
CountrySource_europe,0.0016415934093551895
ROCName_APOC,0.001596230428906944
CountryProcessed_southamerica,0.001562256711706262
CountryProcessed_africa,0.001423438344539796
Queue_LOC,0.00132477145083608
SalesLocation_africa,0.0012910084410884643
SalesLocation_southamerica,0.0012538972923957009
CountrySource_southamerica,0.0011926734654121554
CountrySource_africa,0.0010885137072215412
Created_on_Weekend,0.0007493757498608936
CountryProcessed_australia,0.00032777796486942927
Queue_E&E,0.00028750812462776613
CountryProcessed_other,4.779289511879891e-06
CountrySource_other,3.722947720232637e-06
