Columns,importances
Concurrent_open_cases,0.6439773001052632
Days_left_Month,0.08420301650252242
Days_left_QTR,0.2718196833922143
